,uid,first_name,last_name,email,role1,role2,role3
0,,Monica,Brown,ioud@fullerton.edu,2020 Competition mentor,,
1,,April,Campos,ajdg@gmail.com,2020 Competition mentor,,
2,,Rebecca,Day,muhm@gmu.edu,2020 Competition mentor,,
3,,Matthew,Jarvis,cjbl@gmail.com,2020 Competition mentor,,
4,7565.0,Shawn,Gilbert,huib@rpi.edu,2020 Competition mentor,,
5,2314.0,Sharon,Hernandez,jcsc@gmail.com,2020 Competition mentor,,
6,,Ashley,Morrison,ubqq@gmail.com,2020 Competition mentor,,
7,,William,Hughes,jyxi@redlands.edu,2020 Competition mentor,,
8,,Jonathan,Villegas,ciqq@yahoo.com,2020 Competition mentor,,
9,2458.0,Cheryl,Carpenter,ikcu@umich.edu,2020 Competition mentor,,
10,2055.0,Michelle,Holder,prbr@eecs.umich.edu,2020 Competition mentor,,
11,,James,Mccarthy,vlca@exchange.calstatela.edu,2020 Competition mentor,,
12,,Shawn,Hicks,npkh@uconn.edu,2020 Competition mentor,,
13,2409.0,Richard,Singleton,ceak@cpp.edu,2020 Competition mentor,,
14,2403.0,Mark,Lopez,ppqg@sdsu.edu,2020 Competition mentor,,
15,,Adam,Kane,jkmv@babson.edu,2020 Competition mentor,,
16,,Jason,Duarte,dvuf@gmail.com,2020 Competition mentor,2020 preconference training instructor,2021 preconference training instructor
17,758.0,Sean,Harrison,spol@lmu.edu,2020 Competition mentor,,
18,2644.0,Kristin,Hall,bnab@ucf.edu,2020 Competition mentor,,
19,,John,Jenkins,fsar@139.com,2020 Competition mentor,,
20,,Melinda,Watson,hqdx@buttrfly.ai,2020 Competition mentor,,
21,2275.0,Adam,Holt,bmjs@yahoo.com,2020 Competition mentor,,
22,,Maria,Moore,svav@gmail.com,2020 Competition mentor,,
23,,Juan,Newman,eyvd@zju.edu.cn,2020 Competition mentor,,
24,,Phillip,Russell,idzt@aol.com,2020 Competition mentor,,
25,,Hailey,Gonzalez,byeu@smartcon.com,2019 Preconference training instructor,2020 Speaker,
26,707.0,Donald,Frank,bswf@gmail.com,2020 Preconference training instructor,2020 IM data speaker,
27,3973.0,Monica,Ramirez,hfob@odu.edu,Content Development of UCR joint certification course 03 - application of web mapping,,
28,,Paula,Nixon,ldqs@usc.edu,Content Development of UCR joint certification course 02 - GIS toolkits,,
29,,Jacqueline,Morton,nvyd@lmu.edu,Pre-conference workshop,,
30,,Anita,Jackson,"lozc@yahoo.com, sbao",2019 Speaker,,
31,1902.0,Willie,Carpenter,jzji@gmail.com,Webinar deep dive online course,,
32,1553.0,Amanda,Stone,wtvo@gmail.com,Webinar deep dive 2020 speaker online course,,
33,,Sherry,Nguyen,rvgk@fb.com,Entertainment Workshop,,
34,,Rebecca,Moore,qizj@gmu.edu,course on GIS python (obtaining copyright),,
35,,Courtney,Johnson,vfym@gmail.com,Workshop on agile data science (sending out the expert agreement),,
36,,Michael,James,hdfn@aryng.com,Course collaboration ,,
37,,Stephanie,Davis,sqoqnan,Collaboration on the DIAM assessment,,
38,,Jonathan,Watts,onhunan,Collaboration on the DIAM assessment,,
39,1943.0,Brandon,Anderson,bmiq@lighthousecareerconsulting.com,Webinar on AI &Ethics,2020 Speaker,
40,,Timothy,Patterson,yrrd@lubkawhite.com,2019 Panelist,,
41,,Sandra,Johnson,rwol@smartconnections.io,2019 Panelist,,
42,,Jonathan,Peterson,ntrl@ucla.edu,2019 Panelist,2020 Speaker,
43,,Adrian,Hart,egmi@sce.com,2019 Panelist,,
44,,Nathaniel,Powell,ctov@lmu.edu,2019 Panelist,,
45,,Brianna,Martinez,glnd@ucla.edu,2019 Panelist,,
46,,Robin,Reese,yvif@eecs.berkeley.edu,2019 Panelist,,
47,,Joseph,Schmidt,twvz@nutopia.io,2019 Panelist,,
48,,Amy,Taylor,xxds@etcusc.org,2019 Panelist,,
49,1324.0,James,Johnson,jtpz@westcottmultimedia.com,2019 Panelist,,
50,,Caleb,Rogers,eswd@usc.edu,2019 Panelist,2019 Speaker,
51,,Angela,Santiago,yfor@pepperdine.edu,2019 Panelist,,
52,,Steven,Silva,jzzo@fullerton.edu,2019 Panelist,,
53,,Devin,Diaz,kjga@apu.edu,2019 Panelist,,
54,,Rebekah,Peterson,qian@cdrewu.edu,2019 Panelist,,
55,,Karina,Mccarthy,phrn@chla.usc.edu,2019 Panelist,,
56,9286.0,Linda,Nguyen,mcqg@convexa.ai,2019 Panelist,2019 Speaker,
57,1617.0,Charlotte,Patterson,ubvm@kaleidolearning.com,2019 Panelist,2020 Speaker,
58,9541.0,Jennifer,Burton,msfj@strategiced.com,2019 Panelist,,
59,,Vicki,Hendricks,lzhl@atoken.org,2019 Panelist,2019 Speaker,
60,,Laura,Atkinson,hiaw@manydoors.net,2019 Panelist,,
61,3263.0,Daniel,Silva,yhgt@mymedipocket.com,2019 Panelist,2020 Speaker,
62,,Renee,Garcia,xslj@jpl.nasa.gov,2019 Moderator,,
63,,Elizabeth,Carter,qnqe@gmail.com,2019 Moderator,,
64,2657.0,Daniel,Rice,szhy@gmail.com,2019 Moderator,,
65,2626.0,Hannah,Baker,jkyf@chla.usc.edu,2019 Moderator,,
66,,Michael,Jensen,lauu@astro.caltech.edu,2019 Speaker,,
67,,Nicole,Miller,iowp@cityofpasadena.net,2019 Speaker,2020 Speaker,
68,,Craig,Henry,bhbm@rmdslab.com,2019 Speaker,,
69,1637.0,Elizabeth,Alexander,nzmf@g.harvard.edu,2019 Speaker,,
70,,Jessica,Becker,fzrd@toolots.com,2019 Speaker,,
71,,Kyle,Alvarado,ezkr@fas.harvard.edu,2019 Speaker,,
72,,John,Mullins,nbhb@jd.com,2019 Speaker,,
73,9411.0,Jeremy,Phillips,efto@oracle.com,2019 Speaker,,
74,,Clifford,Lyons,aztc@apexparksgroup.com,2019 Speaker,2020 Speaker,
75,,Barbara,Deleon,uelg@fuller.edu,2019 Speaker,,
76,3801.0,Cameron,Hanna,clng@ca.rr.com,2019 Speaker,,
77,,Diane,Murray,fpzs@microsoft.com,2019 Speaker,,
78,,Frank,Richardson,bvjo@virtualitics.com,2019 Speaker,,
79,,Edward,Frazier,qxaw@virtualitics.com,2019 Speaker,,
80,,Robert,Waters,pmao@optum.com,2019 Speaker,,
81,,Renee,Evans,tdkr@outlook.com,2019 Panelist,,
82,,Juan,Hines,tuck@kellogg.oxon.org,2019 Speaker,,
83,3337.0,Sarah,Zavala,gsdq@st-hughs.oxon.org,2019 Panelist,,
84,,Nathan,Stewart,pclw@zenus-biometrics.com,2020 Im data speaker,,
85,2700.0,Yvette,Lopez,wgja@aphid.io,2020 Im data speaker,,
86,3518.0,Cynthia,Anderson,qvwc@homepartners.com,2020 Im data speaker,,
87,3443.0,Rachel,Moore,isxo@hp.com,2020 Im data speaker,,
88,,Michelle,Sanchez,rokx@uwo.ca,2020 Im data speaker,,
89,,Nancy,Anderson,rtqr@saturncloud.io,2020 Im data speaker,,
90,,Amanda,Martinez,ntmv@seaglass.com,2020 Im data speaker,,
91,2885.0,Scott,Harris,rlnc@bablai.com,2020 Im data speaker,,
92,,Kathleen,Carson,zngn@bengroup.com,2020 Im data speaker,,
93,,Aaron,Wiley,xxoe@unacast.com,2020 Im data speaker,,
94,2071.0,Ashley,Miller,vdgq@lacity.org,2020 Im data speaker,,
95,9125.0,Victoria,Romero,wpck@marshall.usc.edu,2020 Im data speaker,,
96,3253.0,Joseph,Cooke,oksz@capeanalytics.com,2020 Im data speaker,,
97,,Jacqueline,Shaw,fhtm@roundsqr.com,2020 Im data speaker,,
98,,Samantha,Phillips,ibqf@virtualitics.com,2020 Im data speaker,,
99,,Laura,Scott,lvcl@open-insights.com,2020 Im data speaker,,
100,,Kayla,Pena,wdvg@unscrambl.ai,2020 Im data speaker,,
101,2151.0,Tim,Howard,onvu@apu.edu,2020 Im data speaker,,
102,1617.0,Angela,Mclaughlin,ubvm@kaleidolearning.com,2020 Im data speaker,,
103,3263.0,Rachael,Meyer,yhgt@mymedipocket.com,2020 Im data speaker,,
104,2812.0,Susan,Thompson,vjie@jpl.nasa.gov,2020 Im data speaker,,
105,,Jeffrey,Payne,qbbw@atoken.org,2020 Im data speaker,,
106,2106.0,Amber,Lindsey,rctb@lacity.org,2020 Im data speaker,,
107,3449.0,Eric,Andrews,nvxm@gramener.com,2020 Im data speaker,,
108,,Noah,Evans,xhra@drexel.edu,2020 Im data speaker,,
109,3477.0,Kevin,Wong,zjur@dqlabs.ai,2020 Im data speaker,,
110,1891.0,Stephanie,Martinez,xquq@qdoba.com,2020 Im data speaker,,
111,,Kristy,Rodriguez,klof@sv.cmu.edu,2020 Im data speaker,,
112,,Ronald,Kane,rqgo@thinkiq.com,2020 Im data speaker,,
113,3347.0,Sergio,Ortega,oknu@polyture.com,2020 Im data speaker,,
114,3260.0,Tanner,Smith,qurm@cesmii.org,2020 Im data speaker,,
115,,Jason,Frost,icas@uci.edu,2020 Im data speaker,,
116,,Kayla,Hernandez,auzc@narrativewave.com ,2020 Im data speaker,,
117,2751.0,Clarence,Henry,edhu@gmail.com,2020 Preconference training instructor,2021 Preconference training instructor,
118,2874.0,Sue,Villanueva,txrz@gmail.com,2020 Preconference training instructor,2021 Preconference training instructor,
119,9660.0,Austin,Mcintosh,eowk@knime.com,2021 Preconference training instructor,,
120,,Ryan,Ryan,csux@ibm.com,2020 Im data speaker,,
121,9650.0,Tracey,Gutierrez,lkjg@opening-data.com,2021 Preconference training instructor,,
122,9324.0,Robert,White,jegz@foxmail.com,2021 Q2 Competition mentor,,
123,9405.0,Michael,Brown,lwre@126.com,2021 Q2 Competition mentor,,
124,9407.0,Victoria,Thompson,zrhn@aliyun.com,2021 Q2 Competition mentor,,
125,,Pamela,Hill,veum@fudan.edu.cn,2021 Q2 Competition mentor,,
126,,Rhonda,Chen,mcbx@qq.com,2021 Q2 Competition mentor,,
127,6285.0,Samantha,Meza,qaqa@gmail.com,2021 Q2 Competition mentor,,
128,9262.0,Michelle,Avery,xrct@gmail.com,2021 Q2 Competition mentor,,
129,,Connor,Davies,oofu@gmail.com,2021 Q2 Competition mentor,,
130,9297.0,Derrick,Miller,atva@gmail.com,2021 Q2 Competition mentor,,
131,7041.0,Ann,Hill,jnzb@gmail.com,2021 Q2 Competition mentor,,
132,,Thomas,Beck,vlun@gmail.com,2021 Q2 Competition mentor,,
133,9321.0,Antonio,Miller,caxy@open-source.community,2021 Q2 Competition mentor,,
134,,Lydia,Wright,ywru@del.ac.id,2021 Q2 Competition mentor,,
135,9365.0,Michael,Gonzalez,dfki@gmail.com,2021 Q2 Competition mentor,,
136,6309.0,John,Curry,zdjf@gmail.com,2021 Q2 Competition mentor,,
137,9363.0,Brittany,Miles,ohhq@gmail.com,2021 Q2 Competition mentor,,
138,,Jose,Williams,hppf@gmail.com,2021 Q2 Competition mentor,,
139,6820.0,Brenda,Vazquez,ewkw@gmail.com,2021 Q2 Competition mentor,,
140,1870.0,Carlos,Fox,hose@gmail.com,2021 Q2 Competition mentor,,
141,,Rebecca,Peterson,rxol@giz.de,2021 Q2 Competition mentor,,
142,9403.0,Andrew,Williams,kfre@gmail.com,2021 Q2 Competition mentor,,
143,9455.0,Billy,Henderson,lbnc@gmail.com,2021 Q2 Competition mentor,,
144,,Luis,Miller,anpe@appstate.edu,2021 Q2 Competition mentor,,
145,,Amber,Schroeder,vpvh@uga.edu,2021 Q2 Competition mentor,,
146,9584.0,Mindy,Choi,irhp@marian.edu,2021 Q2 Competition mentor,,
147,,Cynthia,Lee,jcxd@nus.edu.sg,2021 Q1 Competition mentor,,
148,,Thomas,Salas,osiq@hotmail.com,2021 Q1 Competition mentor,,
149,,Daniel,Harris,qgqj@gmail.com,2021 Q1 Competition mentor,,
150,5574.0,Christopher,Oconnor,qvei@gmail.com,2021 Q1 Competition mentor,,
151,,James,Vargas,gwcd@gmail.com,2021 Q1 Competition mentor,,
152,,Diana,Harrison,vkjw@ucf.edu,2021 Q1 Competition mentor,,
153,5509.0,Lisa,Griffith,pbvr@Woodbury.edu,2021 Q1 Competition mentor,,
154,,Natasha,Roberts,kdii@ou.edu,2021 Q1 Competition mentor,,
155,,Timothy,Stanley,cfht@usc.edu,2021 Q1 Competition mentor,,
156,6124.0,Candice,Lee,rtjw@hotmail.com,2021 Q1 Competition mentor,,
157,6149.0,Alex,Berry,pntd@gmail.com,2021 Q1 Competition mentor,,
158,,Daryl,Fischer,eznu@usc.edu,2021 Q1 Competition mentor,,
159,,Christopher,White,aykf@itats.ac.id,2021 Q1 Competition mentor,,
160,,Seth,Griffin,lncf@gmail.com,2021 Q1 Competition mentor,,
161,6252.0,Joseph,Bender,anrd@yahoo.com,2021 Q1 Competition mentor,,
162,,Tyler,Moreno,wwfq@swin.edu.au,2021 Q1 Competition mentor,,
163,7879.0,Melinda,Ramirez,ndwg@okstate.edu,2021 Q1 Competition mentor,,
164,,Catherine,Stephens,kotp@gmail.com,2021 Q1 Competition mentor,,
165,6311.0,Michelle,Martinez,qzdo@gmail.com,2021 Q1 Competition mentor,,
166,,Andrew,Smith,aaer@gmail.com,2021 Q1 Competition mentor,,
167,6364.0,Victor,Clark,ywtk@gmail.com,2021 Q1 Competition mentor,,
168,,Richard,Murphy,zick@gmail.com,2021 Q1 Competition mentor,,
169,,William,Burns,hjfj@apps.ipb.ac.id,2021 Q1 Competition mentor,,
170,,Anthony,Nguyen,alaq@gmail.com,2021 Q1 Competition mentor,,
171,,Christina,Meadows,dxgi@gmail.com,2021 Q1 Competition mentor,,
172,7879.0,Terri,Anderson,ndwg@okstate.edu,2021 Q1 Competition mentor,,
173,,Brandon,Smith,vsnw@drexel.edu,2021 Q1 Competition mentor,,
174,,Hector,Tate,igwi@staff.ubaya.ac.id,2021 Q1 Competition mentor,,
175,,Jennifer,Wright,hyhi@gmail.com,2021 Q1 Competition mentor,,
176,,Darren,Newton,jxns@narotama.ac.id,2021 Q1 Competition mentor,,
177,7879.0,Monica,Fernandez,ndwg@okstate.edu,2021 Q1 Competition mentor,,
178,,Travis,Watkins,amuf@gmail.com,2021 Q1 Competition mentor,,
179,,Wendy,Pruitt,rups@gmail.com,2021 Q1 Competition mentor,,
180,6479.0,Cindy,Pollard,imtx@gmail.com,2021 Q1 Competition mentor,,
181,,Brian,Carey,soaa@gmail.com,2021 Q1 Competition mentor,,
